{
  "incumbent_ids": [
    15
  ],
  "rejected_config_ids": [
    2,
    3,
    1,
    5,
    6,
    7,
    8,
    9,
    10,
    11,
    12,
    13,
    14,
    4,
    16,
    17,
    18,
    19,
    20,
    21,
    22,
    23,
    24,
    25,
    26,
    27,
    28,
    29,
    30,
    31,
    32,
    33
  ],
  "incumbents_changed": 3,
  "trajectory": [
    {
      "config_ids": [
        1
      ],
      "costs": [
        0.2894211411476135
      ],
      "trial": 1,
      "walltime": 46.10472011566162
    },
    {
      "config_ids": [
        4
      ],
      "costs": [
        0.27145707607269287
      ],
      "trial": 4,
      "walltime": 177.8833453655243
    },
    {
      "config_ids": [
        15
      ],
      "costs": [
        0.2654690742492676
      ],
      "trial": 15,
      "walltime": 659.178713798523
    }
  ],
  "state": {
    "queue": [
      [
        34,
        1
      ]
    ]
  }
}